"AÑO","MES","CORREGIMIENTO/BARRIO","ZONA WIFI","DISPOSITIVOS SIN CLASIFICAR","SMARTPHONE","TABLET","PC"
"2.024","ENERO","TIERRA BOMBA","TIERRA BOMBA","9","18.352","2","507"
"2.024","FEBRERO","TIERRA BOMBA","TIERRA BOMBA","13","21.359","2","559"
"2.024","MARZO","TIERRA BOMBA","TIERRA BOMBA","0","0","0","0"
"2.024","ENERO","TIERRA BOMBA","TIERRA BOMBA","0","0","0","0"
"2.024","FEBRERO","TIERRA BOMBA","TIERRA BOMBA","0","2","0","4"
"2.024","MARZO","TIERRA BOMBA","TIERRA BOMBA","0","1.439","0","61"
"2.024","ABRIL","TIERRA BOMBA","TIERRA BOMBA","1","2.145","0","56"
"2.024","MAYO","TIERRA BOMBA","TIERRA BOMBA","1","2.143","0","59"
"2.024","JUNIO","TIERRA BOMBA","TIERRA BOMBA","1","1.918","0","67"
"2.024","JULIO","TIERRA BOMBA","TIERRA BOMBA","0","2.478","1","63"
"2.024","AGOSTO","TIERRA BOMBA","TIERRA BOMBA","0","2.65","1","70"
"2.024","SEPTIEMBRE","TIERRA BOMBA","TIERRA BOMBA","6","2.998","0","66"
"2.024","OCTUBRE","TIERRA BOMBA","TIERRA BOMBA","0","2.579","0","61"
"2.024","NOVIEMBRE","TIERRA BOMBA","TIERRA BOMBA","4","3.007","0","52"
"2.024","DICIEMBRE","TIERRA BOMBA","TIERRA BOMBA","34","3.479","0","77"
"2.025","ENERO","TIERRA BOMBA","TIERRA BOMBA","2","24.427","0","38"
"2.025","FEBRERO","TIERRA BOMBA","TIERRA BOMBA","0","0","0","0"
"2.025","MARZO","TIERRA BOMBA","TIERRA BOMBA","0","0","0","0"
"2.025","MAYO","TIERRA BOMBA","TIERRA BOMBA","0","0","0","0"
"2.025","JUNIO","TIERRA BOMBA","TIERRA BOMBA","0","98","0","0"
"2.024","ENERO","TERNERA","INSPECCION DE POLICIA DE TERNERA","0","1.777","0","5"
"2.024","FEBRERO","TERNERA","INSPECCION DE POLICIA DE TERNERA","1","3.029","0","2"
"2.024","MARZO","TERNERA","INSPECCION DE POLICIA DE TERNERA","0","3.08","0","10"
"2.024","ABRIL","TERNERA","INSPECCION DE POLICIA DE TERNERA","1","3.153","0","6"
"2.024","MAYO","TERNERA","INSPECCION DE POLICIA DE TERNERA","0","4.228","0","2"
"2.024","JUNIO","TERNERA","INSPECCION DE POLICIA DE TERNERA","0","4.187","0","2"
"2.024","JULIO","TERNERA","INSPECCION DE POLICIA DE TERNERA","0","4.875","0","11"
"2.024","AGOSTO","TERNERA","INSPECCION DE POLICIA DE TERNERA","1","4.457","0","10"
"2.024","SEPTIEMBRE","TERNERA","INSPECCION DE POLICIA DE TERNERA","5","4.085","0","6"
"2.024","OCTUBRE","TERNERA","INSPECCION DE POLICIA DE TERNERA","15","3.613","0","16"
"2.024","NOVIEMBRE","TERNERA","INSPECCION DE POLICIA DE TERNERA","0","0","0","0"
"2.024","DICIEMBRE","TERNERA","INSPECCION DE POLICIA DE TERNERA","0","0","0","0"
"2.025","ENERO","TERNERA","INSPECCION DE POLICIA DE TERNERA","0","0","0","0"
"2.025","FEBRERO","TERNERA","INSPECCION DE POLICIA DE TERNERA","0","0","0","0"
"2.025","MARZO","TERNERA","INSPECCION DE POLICIA DE TERNERA","0","0","0","0"
"2.025","ABRIL","TERNERA","INSPECCION DE POLICIA DE TERNERA","1","97","0","2"
"2.025","MAYO","TERNERA","INSPECCION DE POLICIA DE TERNERA","1","313","0","6"
"2.025","JUNIO","TERNERA","INSPECCION DE POLICIA DE TERNERA","0","370","0","4"
"2.024","DICIEMBRE","SANTA ANA","INSPECCION DE POLICIA SANTA ANA","8","347","0","0"
"2.025","ENERO","SANTA ANA","INSPECCION DE POLICIA SANTA ANA","0","413","0","6"
"2.025","FEBRERO","SANTA ANA","INSPECCION DE POLICIA SANTA ANA","2","366","0","1"
"2.025","MARZO","SANTA ANA","INSPECCION DE POLICIA SANTA ANA","0","495","0","0"
"2.025","MAYO","SANTA ANA","INSPECCION DE POLICIA SANTA ANA","1","466","0","0"
"2.025","JUNIO","SANTA ANA","INSPECCION DE POLICIA SANTA ANA","1","349","0","3"
"2.024","ENERO","SAN FRANCISCO","PARQUE SAN FRANCISCO","2","308","0","5"
"2.024","FEBRERO","SAN FRANCISCO","PARQUE SAN FRANCISCO","0","0","0","0"
"2.024","MARZO","SAN FRANCISCO","PARQUE SAN FRANCISCO","0","0","0","0"
"2.024","ABRIL","SAN FRANCISCO","PARQUE SAN FRANCISCO","0","0","0","0"
"2.024","MAYO","SAN FRANCISCO","PARQUE SAN FRANCISCO","0","0","0","0"
"2.024","JUNIO","SAN FRANCISCO","PARQUE SAN FRANCISCO","0","11","0","0"
"2.024","JULIO","SAN FRANCISCO","PARQUE SAN FRANCISCO","0","257","0","3"
"2.024","AGOSTO","SAN FRANCISCO","PARQUE SAN FRANCISCO","0","539","0","10"
"2.024","SEPTIEMBRE","SAN FRANCISCO","PARQUE SAN FRANCISCO","0","795","0","10"
"2.024","OCTUBRE","SAN FRANCISCO","PARQUE SAN FRANCISCO","0","815","0","30"
"2.024","NOVIEMBRE","SAN FRANCISCO","PARQUE SAN FRANCISCO","0","894","0","21"
"2.024","DICIEMBRE","SAN FRANCISCO","PARQUE SAN FRANCISCO","0","382","0","0"
"2.025","ENERO","SAN FRANCISCO","PARQUE SAN FRANCISCO","0","470","0","1"
"2.025","FEBRERO","SAN FRANCISCO","PARQUE SAN FRANCISCO","0","346","0","2"
"2.025","MARZO","SAN FRANCISCO","PARQUE SAN FRANCISCO","6","931","0","5"
"2.025","ABRIL","SAN FRANCISCO","PARQUE SAN FRANCISCO","12","1.034","0","4"
"2.025","JUNIO","SAN FRANCISCO","PARQUE SAN FRANCISCO","0","50","0","0"
"2.025","JUNIO","PUNTA CANOA","PUNTA CANOA","0","28","0","0"
"2.024","ENERO","PUNTA CANOA","PUNTA CANOA","0","30","0","0"
"2.024","FEBRERO","PUNTA CANOA","PUNTA CANOA","0","43","0","0"
"2.024","MARZO","PUNTA CANOA","PUNTA CANOA","0","141","0","0"
"2.024","ENERO","PUNTA CANOA","PUNTA CANOA","0","1.292","0","4"
"2.024","FEBRERO","PUNTA CANOA","PUNTA CANOA","4","1.877","0","2"
"2.024","MARZO","PUNTA CANOA","PUNTA CANOA","0","818","0","5"
"2.024","ABRIL","PUNTA CANOA","PUNTA CANOA","0","1.432","0","14"
"2.024","MAYO","PUNTA CANOA","PUNTA CANOA","0","440","0","0"
"2.024","JUNIO","PUNTA CANOA","PUNTA CANOA","0","373","0","0"
"2.024","JULIO","PUNTA CANOA","PUNTA CANOA","0","2.066","0","14"
"2.024","AGOSTO","PUNTA CANOA","PUNTA CANOA","0","2.752","0","15"
"2.024","SEPTIEMBRE","PUNTA CANOA","PUNTA CANOA","8","2.385","0","15"
"2.024","OCTUBRE","PUNTA CANOA","PUNTA CANOA","18","788","0","5"
"2.024","NOVIEMBRE","PUNTA CANOA","PUNTA CANOA","0","21","0","1"
"2.024","DICIEMBRE","PUNTA CANOA","PUNTA CANOA","0","15","0","2"
"2.025","ENERO","PUNTA CANOA","PUNTA CANOA","0","30","0","0"
"2.025","FEBRERO","PUNTA CANOA","PUNTA CANOA","0","15","0","1"
"2.025","MARZO","PUNTA CANOA","PUNTA CANOA","0","36","0","2"
"2.025","ABRIL","PUNTA CANOA","PUNTA CANOA","0","1.92","0","38"
"2.025","MAYO","PUNTA CANOA","PUNTA CANOA","0","2.806","0","64"
"2.024","ENERO","PONTEZUELA","BIBLIOTECA PONTEZUELA","0","2.77","0","54"
"2.024","FEBRERO","PONTEZUELA","BIBLIOTECA PONTEZUELA","0","2.659","0","73"
"2.024","MARZO","PONTEZUELA","BIBLIOTECA PONTEZUELA","0","3.046","0","42"
"2.024","ABRIL","PONTEZUELA","BIBLIOTECA PONTEZUELA","0","3.046","0","42"
"2.024","MAYO","PONTEZUELA","BIBLIOTECA PONTEZUELA","1","1.966","0","31"
"2.024","JUNIO","PONTEZUELA","BIBLIOTECA PONTEZUELA","0","1.787","0","35"
"2.024","JULIO","PONTEZUELA","BIBLIOTECA PONTEZUELA","13","2.76","0","46"
"2.024","AGOSTO","PONTEZUELA","BIBLIOTECA PONTEZUELA","13","3.154","0","75"
"2.024","SEPTIEMBRE","PONTEZUELA","BIBLIOTECA PONTEZUELA","0","14","0","1"
"2.024","OCTUBRE","PONTEZUELA","BIBLIOTECA PONTEZUELA","0","14","0","1"
"2.024","NOVIEMBRE","PONTEZUELA","BIBLIOTECA PONTEZUELA","0","3","0","0"
"2.024","DICIEMBRE","PONTEZUELA","BIBLIOTECA PONTEZUELA","0","2","0","0"
"2.025","ENERO","PONTEZUELA","BIBLIOTECA PONTEZUELA","0","21","0","0"
"2.025","FEBRERO","PONTEZUELA","BIBLIOTECA PONTEZUELA","1","630","0","24"
"2.025","MARZO","PONTEZUELA","BIBLIOTECA PONTEZUELA","0","761","0","14"
"2.024","DICIEMBRE","PONTEZUELA","INSPECCION DE POLICIA PONTEZUELA","0","685","0","10"
"2.025","ENERO","PONTEZUELA","INSPECCION DE POLICIA PONTEZUELA","0","633","0","10"
"2.025","FEBRERO","PONTEZUELA","INSPECCION DE POLICIA PONTEZUELA","0","695","0","3"
"2.025","MARZO","PONTEZUELA","INSPECCION DE POLICIA PONTEZUELA","0","1.015","0","18"
"2.025","ABRIL","PONTEZUELA","BIBLIOTECA PONTEZUELA","0","1.228","0","30"
"2.025","ABRIL","PONTEZUELA","INSPECCION DE POLICIA PONTEZUELA","0","1.36","0","2"
"2.025","MAYO","PONTEZUELA","BIBLIOTECA PONTEZUELA","4","1.181","0","3"
"2.025","MAYO","PONTEZUELA","INSPECCION DE POLICIA PONTEZUELA","16","595","0","23"
"2.025","JUNIO","PONTEZUELA","BIBLIOTECA PONTEZUELA","0","37","0","0"
"2.025","JUNIO","PONTEZUELA","INSPECCION DE POLICIA PONTEZUELA","0","54","0","0"
"2.024","ENERO","NUEVO PARAISO","INSPECCION NUEVO PARAISO","0","129","0","3"
"2.024","FEBRERO","NUEVO PARAISO","INSPECCION NUEVO PARAISO","0","66","0","1"
"2.024","MARZO","NUEVO PARAISO","INSPECCION NUEVO PARAISO","0","45","0","0"
"2.024","ABRIL","NUEVO PARAISO","INSPECCION NUEVO PARAISO","5","1.501","0","9"
"2.024","MAYO","NUEVO PARAISO","INSPECCION NUEVO PARAISO","2","1.727","0","8"
"2.024","JUNIO","NUEVO PARAISO","INSPECCION NUEVO PARAISO","1","2.065","0","13"
"2.024","JULIO","NUEVO PARAISO","INSPECCION NUEVO PARAISO","0","1.766","0","10"
"2.024","AGOSTO","NUEVO PARAISO","INSPECCION NUEVO PARAISO","2","1.927","0","10"
"2.024","SEPTIEMBRE","NUEVO PARAISO","INSPECCION NUEVO PARAISO","0","2.375","0","26"
"2.024","OCTUBRE","NUEVO PARAISO","INSPECCION NUEVO PARAISO","0","2.443","0","13"
"2.024","NOVIEMBRE","NUEVO PARAISO","INSPECCION NUEVO PARAISO","1","2.126","0","5"
"2.024","DICIEMBRE","NUEVO PARAISO","INSPECCION NUEVO PARAISO","11","1.639","0","7"
"2.025","ENERO","NUEVO PARAISO","INSPECCION NUEVO PARAISO","25","1.838","0","3"
"2.025","FEBRERO","NUEVO PARAISO","INSPECCION NUEVO PARAISO","0","5","0","0"
"2.025","MARZO","NUEVO PARAISO","INSPECCION NUEVO PARAISO","0","5","0","0"
"2.025","ABRIL","NUEVO PARAISO","INSPECCION NUEVO PARAISO","0","0","0","1"
"2.025","MAYO","NUEVO PARAISO","INSPECCION NUEVO PARAISO","0","1","0","0"
"2.025","JUNIO","NUEVO PARAISO","INSPECCION NUEVO PARAISO","0","14","0","2"
"2.025","ABRIL","MANGA","PARQUE ROMAN","0","582","0","64"
"2.025","MAYO","MANGA","PARQUE ROMAN","0","762","0","82"
"2.025","JUNIO","MANGA","PARQUE ROMAN","0","768","0","88"
"2.024","ENERO","LOS JARDINES","INSPECCION DE POLICIA ALTOS DEL JARDIN","0","830","0","93"
"2.024","FEBRERO","LOS JARDINES","INSPECCION DE POLICIA ALTOS DEL JARDIN","0","946","0","91"
"2.024","MARZO","LOS JARDINES","INSPECCION DE POLICIA ALTOS DEL JARDIN","0","898","0","74"
"2.024","ABRIL","LOS JARDINES","INSPECCION DE POLICIA ALTOS DEL JARDIN","0","1.065","0","85"
"2.024","MAYO","LOS JARDINES","INSPECCION DE POLICIA ALTOS DEL JARDIN","0","1.182","0","99"
"2.024","JUNIO","LOS JARDINES","INSPECCION DE POLICIA ALTOS DEL JARDIN","2","945","0","115"
"2.024","JULIO","LOS JARDINES","INSPECCION DE POLICIA ALTOS DEL JARDIN","3","1.024","0","76"
"2.024","AGOSTO","LOS JARDINES","INSPECCION DE POLICIA ALTOS DEL JARDIN","0","5","0","0"
"2.024","SEPTIEMBRE","LOS JARDINES","INSPECCION DE POLICIA ALTOS DEL JARDIN","0","5","0","0"
"2.024","OCTUBRE","LOS JARDINES","INSPECCION DE POLICIA ALTOS DEL JARDIN","0","0","0","1"
"2.024","NOVIEMBRE","LOS JARDINES","INSPECCION DE POLICIA ALTOS DEL JARDIN","0","1","0","0"
"2.024","DICIEMBRE","LOS JARDINES","INSPECCION DE POLICIA ALTOS DEL JARDIN","0","14","0","2"
"2.025","ENERO","LOS JARDINES","INSPECCION DE POLICIA ALTOS DEL JARDIN","0","582","0","64"
"2.025","FEBRERO","LOS JARDINES","INSPECCION DE POLICIA ALTOS DEL JARDIN","0","762","0","82"
"2.025","MARZO","LOS JARDINES","INSPECCION DE POLICIA ALTOS DEL JARDIN","0","768","0","88"
"2.024","ENERO","LAS PALMERAS","INSPECCION DE POLICIA DE LAS PALMERAS","0","830","0","93"
"2.024","FEBRERO","LAS PALMERAS","INSPECCION DE POLICIA DE LAS PALMERAS","0","946","0","91"
"2.024","MARZO","LAS PALMERAS","INSPECCION DE POLICIA DE LAS PALMERAS","0","898","0","74"
"2.024","ABRIL","LAS PALMERAS","INSPECCION DE POLICIA DE LAS PALMERAS","0","1.065","0","85"
"2.024","MAYO","LAS PALMERAS","INSPECCION DE POLICIA DE LAS PALMERAS","0","1.182","0","99"
"2.024","JUNIO","LAS PALMERAS","INSPECCION DE POLICIA DE LAS PALMERAS","2","945","0","115"
"2.024","JULIO","LAS PALMERAS","INSPECCION DE POLICIA DE LAS PALMERAS","3","1.024","0","76"
"2.024","AGOSTO","LAS PALMERAS","INSPECCION DE POLICIA DE LAS PALMERAS","0","1","0","0"
"2.024","SEPTIEMBRE","LAS PALMERAS","INSPECCION DE POLICIA DE LAS PALMERAS","0","4","0","0"
"2.024","OCTUBRE","LAS PALMERAS","INSPECCION DE POLICIA DE LAS PALMERAS","0","1","0","0"
"2.024","NOVIEMBRE","LAS PALMERAS","INSPECCION DE POLICIA DE LAS PALMERAS","0","3","0","0"
"2.024","DICIEMBRE","LAS PALMERAS","INSPECCION DE POLICIA DE LAS PALMERAS","0","15","0","2"
"2.025","ENERO","LAS PALMERAS","INSPECCION DE POLICIA DE LAS PALMERAS","0","573","0","14"
"2.025","FEBRERO","LAS PALMERAS","INSPECCION DE POLICIA DE LAS PALMERAS","0","835","0","31"
"2.025","MARZO","LAS PALMERAS","INSPECCION DE POLICIA DE LAS PALMERAS","0","818","0","23"
"2.025","ABRIL","LAS PALMERAS","INSPECCION DE POLICIA DE LAS PALMERAS","0","947","0","17"
"2.025","MAYO","LAS PALMERAS","INSPECCION DE POLICIA DE LAS PALMERAS","0","862","0","18"
"2.025","JUNIO","LAS PALMERAS","INSPECCION DE POLICIA DE LAS PALMERAS","0","755","0","17"
"2.024","ENERO","LA BOQUILLA","BIBLIOTECA BOQUILLA","0","761","0","19"
"2.024","FEBRERO","LA BOQUILLA","BIBLIOTECA BOQUILLA","2","732","0","22"
"2.024","MARZO","LA BOQUILLA","BIBLIOTECA BOQUILLA","20","599","0","14"
"2.024","ABRIL","LA BOQUILLA","BIBLIOTECA BOQUILLA","30","650","0","13"
"2.024","MAYO","LA BOQUILLA","BIBLIOTECA BOQUILLA","0","4","0","0"
"2.024","JUNIO","LA BOQUILLA","BIBLIOTECA BOQUILLA","0","7","0","0"
"2.024","JULIO","LA BOQUILLA","BIBLIOTECA BOQUILLA","0","7","0","0"
"2.024","AGOSTO","LA BOQUILLA","BIBLIOTECA BOQUILLA","0","0","0","0"
"2.024","SEPTIEMBRE","LA BOQUILLA","BIBLIOTECA BOQUILLA","0","9","0","0"
"2.024","OCTUBRE","LA BOQUILLA","BIBLIOTECA BOQUILLA","0","744","0","3"
"2.024","NOVIEMBRE","LA BOQUILLA","BIBLIOTECA BOQUILLA","1","796","0","5"
"2.024","DICIEMBRE","LA BOQUILLA","BIBLIOTECA BOQUILLA","1","810","0","1"
"2.025","ENERO","LA BOQUILLA","BIBLIOTECA BOQUILLA","0","932","0","10"
"2.025","FEBRERO","LA BOQUILLA","BIBLIOTECA BOQUILLA","0","911","0","0"
"2.025","MARZO","LA BOQUILLA","BIBLIOTECA BOQUILLA","0","905","0","2"
"2.025","ABRIL","LA BOQUILLA","BIBLIOTECA BOQUILLA","0","1.012","0","1"
"2.025","MAYO","LA BOQUILLA","BIBLIOTECA BOQUILLA","1","817","0","2"
"2.025","JUNIO","LA BOQUILLA","BIBLIOTECA BOQUILLA","0","945","0","0"
"2.024","DICIEMBRE","FREDONIA","COLEGIO FREDONIA","1","920","0","2"
"2.025","ENERO","FREDONIA","COLEGIO FREDONIA","0","20","0","0"
"2.025","FEBRERO","FREDONIA","COLEGIO FREDONIA","0","16","0","0"
"2.025","MARZO","FREDONIA","COLEGIO FREDONIA","0","50","0","3"
"2.025","ABRIL","FREDONIA","COLEGIO FREDONIA","0","29","0","0"
"2.025","MAYO","FREDONIA","COLEGIO FREDONIA","0","29","0","1"
"2.025","JUNIO","FREDONIA","COLEGIO FREDONIA","0","961","0","26"
"2.024","ENERO","EL SOCORRO","JORGE ARTEL","0","1.089","0","48"
"2.024","FEBRERO","EL SOCORRO","JORGE ARTEL","0","837","0","33"
"2.024","MARZO","EL SOCORRO","JORGE ARTEL","0","825","0","31"
"2.024","ABRIL","EL SOCORRO","JORGE ARTEL","0","629","0","19"
"2.024","MAYO","EL SOCORRO","JORGE ARTEL","0","740","0","2"
"2.024","JUNIO","EL SOCORRO","JORGE ARTEL","0","788","0","5"
"2.024","JULIO","EL SOCORRO","JORGE ARTEL","0","883","0","9"
"2.024","AGOSTO","EL SOCORRO","JORGE ARTEL","1","690","0","4"
"2.024","SEPTIEMBRE","EL SOCORRO","JORGE ARTEL","2","827","0","9"
"2.024","OCTUBRE","EL SOCORRO","JORGE ARTEL","0","0","0","0"
"2.024","NOVIEMBRE","EL SOCORRO","JORGE ARTEL","0","5","0","0"
"2.024","DICIEMBRE","EL SOCORRO","JORGE ARTEL","0","1","0","1"
"2.025","ENERO","EL SOCORRO","JORGE ARTEL","0","6","0","1"
"2.025","FEBRERO","EL SOCORRO","JORGE ARTEL","0","9","0","0"
"2.025","MARZO","EL SOCORRO","JORGE ARTEL","0","494","0","5"
"2.025","ABRIL","EL SOCORRO","JORGE ARTEL","0","391","0","6"
"2.025","MAYO","EL SOCORRO","JORGE ARTEL","0","667","0","23"
"2.025","JUNIO","EL SOCORRO","JORGE ARTEL","0","556","0","35"
"2.024","ENERO","EL POZON","INSPECCION DE POLICIA EL POZON","0","589","0","40"
"2.024","FEBRERO","EL POZON","INSPECCION DE POLICIA EL POZON","0","641","0","53"
"2.024","MARZO","EL POZON","INSPECCION DE POLICIA EL POZON","0","609","0","81"
"2.024","ABRIL","EL POZON","INSPECCION DE POLICIA EL POZON","1","532","0","58"
"2.024","MAYO","EL POZON","INSPECCION DE POLICIA EL POZON","46","600","0","42"
"2.024","JUNIO","EL POZON","INSPECCION DE POLICIA EL POZON","55","772","0","48"
"2.024","JULIO","EL POZON","INSPECCION DE POLICIA EL POZON","0","166","0","2"
"2.024","AGOSTO","EL POZON","INSPECCION DE POLICIA EL POZON","0","1.212","0","14"
"2.024","SEPTIEMBRE","EL POZON","INSPECCION DE POLICIA EL POZON","0","166","0","2"
"2.024","OCTUBRE","EL POZON","INSPECCION DE POLICIA EL POZON","0","17","0","0"
"2.024","NOVIEMBRE","EL POZON","INSPECCION DE POLICIA EL POZON","0","696","0","22"
"2.024","DICIEMBRE","EL POZON","INSPECCION DE POLICIA EL POZON","0","1.127","0","14"
"2.025","ENERO","EL POZON","INSPECCION DE POLICIA EL POZON","0","1.454","0","32"
"2.025","FEBRERO","EL POZON","INSPECCION DE POLICIA EL POZON","0","1.288","0","51"
"2.025","MARZO","EL POZON","INSPECCION DE POLICIA EL POZON","0","1.343","0","48"
"2.025","ABRIL","EL POZON","INSPECCION DE POLICIA EL POZON","0","1.611","0","53"
"2.025","MAYO","EL POZON","INSPECCION DE POLICIA EL POZON","0","1.685","0","53"
"2.025","JUNIO","EL POZON","INSPECCION DE POLICIA EL POZON","0","1.631","0","60"
"2.024","ENERO","EL CENTRO","PLAZA DE LA ADUANA","0","1.672","0","45"
"2.024","FEBRERO","EL CENTRO","PLAZA DE LA ADUANA","7","1.703","0","62"
"2.024","MARZO","EL CENTRO","PLAZA DE LA ADUANA","6","2.034","0","77"
"2.024","ABRIL","EL CENTRO","PLAZA DE LA ADUANA","0","0","0","0"
"2.024","MAYO","EL CENTRO","PLAZA DE LA ADUANA","0","0","0","0"
"2.024","JUNIO","EL CENTRO","PLAZA DE LA ADUANA","0","0","0","0"
"2.024","JULIO","EL CENTRO","PLAZA DE LA ADUANA","0","0","0","0"
"2.024","AGOSTO","EL CENTRO","PLAZA DE LA ADUANA","0","38","0","2"
"2.024","SEPTIEMBRE","EL CENTRO","PLAZA DE LA ADUANA","0","336","0","11"
"2.024","OCTUBRE","EL CENTRO","PLAZA DE LA ADUANA","0","296","0","9"
"2.024","NOVIEMBRE","EL CENTRO","PLAZA DE LA ADUANA","1","773","0","57"
"2.024","DICIEMBRE","EL CENTRO","PLAZA DE LA ADUANA","0","600","0","50"
"2.025","ENERO","EL CENTRO","PLAZA DE LA ADUANA","0","780","0","35"
"2.025","FEBRERO","EL CENTRO","PLAZA DE LA ADUANA","0","1.169","0","47"
"2.025","MARZO","EL CENTRO","PLAZA DE LA ADUANA","0","931","0","33"
"2.025","ABRIL","EL CENTRO","PLAZA DE LA ADUANA","0","1.557","0","24"
"2.025","JUNIO","EL CENTRO","PLAZA DE LA ADUANA","5","1.329","0","2"
"2.024","ENERO","EL BOSQUE","INSPECCION DE POLICIA BOSQUE","15","1.662","0","25"
"2.024","FEBRERO","EL BOSQUE","INSPECCION DE POLICIA BOSQUE","0","0","0","0"
"2.024","MARZO","EL BOSQUE","INSPECCION DE POLICIA BOSQUE","0","0","0","0"
"2.024","ABRIL","EL BOSQUE","INSPECCION DE POLICIA BOSQUE","0","0","0","0"
"2.024","MAYO","EL BOSQUE","INSPECCION DE POLICIA BOSQUE","0","0","0","0"
"2.024","JUNIO","EL BOSQUE","INSPECCION DE POLICIA BOSQUE","0","123","0","8"
"2.024","JULIO","EL BOSQUE","INSPECCION DE POLICIA BOSQUE","0","474","0","13"
"2.024","AGOSTO","EL BOSQUE","INSPECCION DE POLICIA BOSQUE","0","713","0","24"
"2.024","SEPTIEMBRE","EL BOSQUE","INSPECCION DE POLICIA BOSQUE","0","1.057","0","22"
"2.024","OCTUBRE","EL BOSQUE","INSPECCION DE POLICIA BOSQUE","0","1.069","0","23"
"2.024","NOVIEMBRE","EL BOSQUE","INSPECCION DE POLICIA BOSQUE","0","1.722","0","58"
"2.024","DICIEMBRE","EL BOSQUE","INSPECCION DE POLICIA BOSQUE","0","1.571","0","39"
"2.025","ENERO","EL BOSQUE","INSPECCION DE POLICIA BOSQUE","1","1.6","0","29"
"2.025","FEBRERO","EL BOSQUE","INSPECCION DE POLICIA BOSQUE","1","1.697","0","28"
"2.025","MARZO","EL BOSQUE","INSPECCION DE POLICIA BOSQUE","3","1.464","0","22"
"2.025","ABRIL","EL BOSQUE","INSPECCION DE POLICIA BOSQUE","12","1.701","0","46"
"2.025","MAYO","EL BOSQUE","INSPECCION DE POLICIA BOSQUE","0","0","0","0"
"2.025","JUNIO","EL BOSQUE","INSPECCION DE POLICIA BOSQUE","0","0","0","0"
"2.024","ENERO","false","BIBLIOTECA COLOMBIATON","0","0","0","0"
"2.024","FEBRERO","false","BIBLIOTECA COLOMBIATON","0","0","0","0"
"2.024","MARZO","false","BIBLIOTECA COLOMBIATON","0","15","0","1"
"2.024","ABRIL","false","BIBLIOTECA COLOMBIATON","1","428","0","11"
"2.024","MAYO","false","BIBLIOTECA COLOMBIATON","1","532","0","24"
"2.024","JUNIO","false","BIBLIOTECA COLOMBIATON","1","786","0","25"
"2.024","JULIO","false","BIBLIOTECA COLOMBIATON","1","689","0","24"
"2.024","AGOSTO","false","BIBLIOTECA COLOMBIATON","0","678","0","22"
"2.024","SEPTIEMBRE","false","BIBLIOTECA COLOMBIATON","0","663","0","19"
"2.024","OCTUBRE","false","BIBLIOTECA COLOMBIATON","0","674","0","21"
"2.024","NOVIEMBRE","false","BIBLIOTECA COLOMBIATON","0","531","0","4"
"2.024","DICIEMBRE","false","BIBLIOTECA COLOMBIATON","3","524","0","5"
"2.025","ENERO","false","BIBLIOTECA COLOMBIATON","3","742","0","25"
"2.025","FEBRERO","false","BIBLIOTECA COLOMBIATON","0","0","0","0"
"2.025","MARZO","false","BIBLIOTECA COLOMBIATON","0","0","0","0"
"2.025","ABRIL","false","BIBLIOTECA COLOMBIATON","0","0","0","0"
"2.025","MAYO","COLOMBIATON","BIBLIOTECA COLOMBIATON","0","0","0","0"
"2.025","JUNIO","COLOMBIATON","BIBLIOTECA COLOMBIATON","0","0","0","0"
"2.024","ENERO","CIUDADELA LA PAZ","CIUDADELA LA PAZ","0","0","0","0"
"2.024","FEBRERO","CIUDADELA LA PAZ","CIUDADELA LA PAZ","0","0","0","0"
"2.024","MARZO","CIUDADELA LA PAZ","CIUDADELA LA PAZ","0","0","0","0"
"2.024","ABRIL","CIUDADELA LA PAZ","CIUDADELA LA PAZ","0","36","0","18"
"2.024","MAYO","CIUDADELA LA PAZ","CIUDADELA LA PAZ","0","356","0","23"
"2.024","JUNIO","CIUDADELA LA PAZ","CIUDADELA LA PAZ","1","831","0","29"
"2.024","JULIO","CIUDADELA LA PAZ","CIUDADELA LA PAZ","0","679","0","25"
"2.024","AGOSTO","CIUDADELA LA PAZ","CIUDADELA LA PAZ","0","572","0","29"
"2.024","SEPTIEMBRE","CIUDADELA LA PAZ","CIUDADELA LA PAZ","0","306","0","21"
"2.024","OCTUBRE","CIUDADELA LA PAZ","CIUDADELA LA PAZ","0","66","0","7"
"2.024","NOVIEMBRE","CIUDADELA LA PAZ","CIUDADELA LA PAZ","0","136","0","1"
"2.024","DICIEMBRE","CIUDADELA LA PAZ","CIUDADELA LA PAZ","1","1.056","0","9"
"2.025","ENERO","CIUDADELA LA PAZ","CIUDADELA LA PAZ","4","1.226","0","37"
"2.025","FEBRERO","CIUDADELA LA PAZ","CIUDADELA LA PAZ","0","0","0","0"
"2.025","MARZO","CIUDADELA LA PAZ","CIUDADELA LA PAZ","0","0","0","0"
"2.025","ABRIL","CIUDADELA LA PAZ","CIUDADELA LA PAZ","0","0","0","0"
"2.025","MAYO","CIUDADELA LA PAZ","CIUDADELA LA PAZ","0","0","0","0"
"2.025","JUNIO","CIUDADELA LA PAZ","CIUDADELA LA PAZ","0","0","0","0"
"2.024","NOVIEMBRE","CIUDADELA 2010","INSPECCION DE POLICIA CIUDADELA 2000","0","0","0","0"
"2.024","ENERO","CIUDADELA 2000","INSPECCION DE POLICIA CIUDADELA 2000","0","0","0","0"
"2.024","FEBRERO","CIUDADELA 2000","INSPECCION DE POLICIA CIUDADELA 2000","0","0","0","0"
"2.024","MARZO","CIUDADELA 2000","INSPECCION DE POLICIA CIUDADELA 2000","0","56","0","0"
"2.024","ABRIL","CIUDADELA 2000","INSPECCION DE POLICIA CIUDADELA 2000","0","101","0","6"
"2.024","MAYO","CIUDADELA 2000","INSPECCION DE POLICIA CIUDADELA 2000","0","13","0","0"
"2.024","JUNIO","CIUDADELA 2000","INSPECCION DE POLICIA CIUDADELA 2000","0","0","0","0"
"2.024","JULIO","CIUDADELA 2000","INSPECCION DE POLICIA CIUDADELA 2000","0","255","0","1"
"2.024","AGOSTO","CIUDADELA 2000","INSPECCION DE POLICIA CIUDADELA 2000","0","578","0","0"
"2.024","SEPTIEMBRE","CIUDADELA 2000","INSPECCION DE POLICIA CIUDADELA 2000","0","0","0","0"
"2.024","OCTUBRE","CIUDADELA 2000","INSPECCION DE POLICIA CIUDADELA 2000","0","0","0","0"
"2.024","DICIEMBRE","CIUDADELA 2000","INSPECCION DE POLICIA CIUDADELA 2000","0","1","0","0"
"2.025","ENERO","CIUDADELA 2000","INSPECCION DE POLICIA CIUDADELA 2000","0","0","0","0"
"2.025","FEBRERO","CIUDADELA 2000","INSPECCION DE POLICIA CIUDADELA 2000","0","2.005","0","24"
"2.025","MARZO","CIUDADELA 2000","INSPECCION DE POLICIA CIUDADELA 2000","2","2.98","0","36"
"2.025","ABRIL","CIUDADELA 2000","INSPECCION DE POLICIA CIUDADELA 2000","2","2.883","0","30"
"2.025","MAYO","CIUDADELA 2000","INSPECCION DE POLICIA CIUDADELA 2000","16","4.289","0","31"
"2.025","JUNIO","CIUDADEDA 2000","INSPECCION DE POLICIA CIUDADELA 2000","46","1.632","0","19"
"2.024","ENERO","CIUDAD DEL BICENTENARIO","BIBLIOTECA BICENTENARIO","29","2.437","0","26"
"2.024","FEBRERO","CIUDAD DEL BICENTENARIO","BIBLIOTECA BICENTENARIO","68","2.774","0","4"
"2.024","MARZO","CIUDAD DEL BICENTENARIO","BIBLIOTECA BICENTENARIO","55","2.921","0","10"
"2.024","ABRIL","CIUDAD DEL BICENTENARIO","BIBLIOTECA BICENTENARIO","0","498","0","12"
"2.024","MAYO","CIUDAD DEL BICENTENARIO","BIBLIOTECA BICENTENARIO","0","17","0","0"
"2.024","JUNIO","CIUDAD DEL BICENTENARIO","BIBLIOTECA BICENTENARIO","2","887","0","20"
"2.024","JULIO","CIUDAD DEL BICENTENARIO","BIBLIOTECA BICENTENARIO","5","1.34","0","13"
"2.024","AGOSTO","CIUDAD DEL BICENTENARIO","BIBLIOTECA BICENTENARIO","0","204","0","5"
"2.024","SEPTIEMBRE","CIUDAD DEL BICENTENARIO","BIBLIOTECA BICENTENARIO","2","477","0","17"
"2.024","OCTUBRE","CIUDAD DEL BICENTENARIO","BIBLIOTECA BICENTENARIO","3","450","0","12"
"2.024","NOVIEMBRE","CIUDAD DEL BICENTENARIO","BIBLIOTECA BICENTENARIO","11","888","0","22"
"2.024","DICIEMBRE","CIUDAD DEL BICENTENARIO","BIBLIOTECA BICENTENARIO","1","429","0","5"
"2.025","ENERO","CIUDAD DEL BICENTENARIO","BIBLIOTECA BICENTENARIO","2","759","0","5"
"2.025","FEBRERO","CIUDAD DEL BICENTENARIO","BIBLIOTECA BICENTENARIO","11","1.21","0","0"
"2.025","MARZO","CIUDAD DEL BICENTENARIO","BIBLIOTECA BICENTENARIO","24","1.481","0","16"
"2.025","ABRIL","CIUDAD DEL BICENTENARIO","BIBLIOTECA BICENTENARIO","2","1.015","0","13"
"2.025","JUNIO","CIUDAD DEL BICENTENARIO","BIBLIOTECA BICENTENARIO","0","1.8","0","33"
"2.025","MAYO","CENTRO","PLAZA DE LA ADUANA","2","1.731","0","28"
"2.025","ABRIL","CAMPESTRE","PATINODROMO EL CAMPESTRE","6","1.953","0","21"
"2.025","MAYO","CAMPESTRE","PATINODROMO EL CAMPESTRE","0","2.004","9","21"
"2.025","JUNIO","CAMPESTRE","PATINODROMO EL CAMPESTRE","0","902","3","52"
"2.024","ENERO","BOCAGRANDE","INSPECCION DE POLICIA DE BOCAGRANDE","0","0","0","0"
"2.024","FEBRERO","BOCAGRANDE","INSPECCION DE POLICIA DE BOCAGRANDE","15","430","0","3"
"2.024","MARZO","BOCAGRANDE","INSPECCION DE POLICIA DE BOCAGRANDE","0","496","0","0"
"2.024","ABRIL","BOCAGRANDE","INSPECCION DE POLICIA DE BOCAGRANDE","0","785","2","11"
"2.024","MAYO","BOCAGRANDE","INSPECCION DE POLICIA DE BOCAGRANDE","5","491","0","31"
"2.024","JUNIO","BOCAGRANDE","INSPECCION DE POLICIA DE BOCAGRANDE","0","1.701","1","106"
"2.024","JULIO","BOCAGRANDE","INSPECCION DE POLICIA DE BOCAGRANDE","8","1.325","5","27"
"2.024","AGOSTO","BOCAGRANDE","INSPECCION DE POLICIA DE BOCAGRANDE","2","1.701","0","51"
"2.024","SEPTIEMBRE","BOCAGRANDE","INSPECCION DE POLICIA DE BOCAGRANDE","3","692","0","23"
"2.024","OCTUBRE","BOCAGRANDE","INSPECCION DE POLICIA DE BOCAGRANDE","0","949","13","49"
"2.024","NOVIEMBRE","BOCAGRANDE","INSPECCION DE POLICIA DE BOCAGRANDE","0","149","0","2"
"2.024","DICIEMBRE","BOCAGRANDE","INSPECCION DE POLICIA DE BOCAGRANDE","2","4.02","1","15"
"2.025","ENERO","BOCAGRANDE","INSPECCION DE POLICIA DE BOCAGRANDE","78","2.853","2","4"
"2.025","FEBRERO","BOCAGRANDE","INSPECCION DE POLICIA DE BOCAGRANDE","0","1.194","6","15"
"2.025","MARZO","BOCAGRANDE","INSPECCION DE POLICIA DE BOCAGRANDE","0","1.126","0","34"
"2.025","ABRIL","BOCAGRANDE","INSPECCION DE POLICIA DE BOCAGRANDE","0","1.684","27","4"
"2.025","MAYO","BOCAGRANDE","INSPECCION DE POLICIA DE BOCAGRANDE","0","71","1","1"
"2.025","JUNIO","BOCAGRANDE","INSPECCION DE POLICIA DE BOCAGRANDE","1","101","0","1"
"2.025","MAYO","BLAS DELEZO","INSPECCION DE POLICIA BLAS DE LEZO","0","2.953","4","86"
"2.024","ENERO","BLAS DE LEZO","INSPECCION DE POLICIA BLAS DE LEZO","1","4.175","5","23"
"2.024","FEBRERO","BLAS DE LEZO","INSPECCION DE POLICIA BLAS DE LEZO","0","454","0","14"
"2.024","MARZO","BLAS DE LEZO","INSPECCION DE POLICIA BLAS DE LEZO","0","1.168","0","7"
"2.024","ABRIL","BLAS DE LEZO","INSPECCION DE POLICIA BLAS DE LEZO","0","0","0","0"
"2.024","MAYO","BLAS DE LEZO","INSPECCION DE POLICIA BLAS DE LEZO","2","3.005","0","39"
"2.024","JUNIO","BLAS DE LEZO","INSPECCION DE POLICIA BLAS DE LEZO","4","553","0","22"
"2.024","JULIO","BLAS DE LEZO","INSPECCION DE POLICIA BLAS DE LEZO","6","987","0","42"
"2.024","AGOSTO","BLAS DE LEZO","INSPECCION DE POLICIA BLAS DE LEZO","2","377","4","25"
"2.024","SEPTIEMBRE","BLAS DE LEZO","INSPECCION DE POLICIA BLAS DE LEZO","1","2,688","8","45"
"2.024","OCTUBRE","BLAS DE LEZO","INSPECCION DE POLICIA BLAS DE LEZO","0","1,033","0","60"
"2.024","NOVIEMBRE","BLAS DE LEZO","INSPECCION DE POLICIA BLAS DE LEZO","0","1,458","3","56"
"2.024","DICIEMBRE","BLAS DE LEZO","INSPECCION DE POLICIA BLAS DE LEZO","0","752","6","16"
"2.025","ENERO","BLAS DE LEZO","INSPECCION DE POLICIA BLAS DE LEZO","1","3,468","2","32"
"2.025","FEBRERO","BLAS DE LEZO","INSPECCION DE POLICIA BLAS DE LEZO","0","710","7","17"
"2.025","MARZO","BLAS DE LEZO","INSPECCION DE POLICIA BLAS DE LEZO","0","1,752","26","0"
"2.025","ABRIL","BLAS DE LEZO","INSPECCION DE POLICIA BLAS DE LEZO","0","848","0","49"
"2.025","JUNIO","BLAS DE LEZO","INSPECCION DE POLICIA BLAS DE LEZO","8","2,653","3","39"
"2.025","MAYO","BICENTENARIO","BIBLIOTECA BICENTENARIO","1","826","2","19"
"2.024","ENERO","BAYUNCA","BIBLIOTECA DISTRITAL BAYUNCA","0","481","0","4"
"2.024","FEBRERO","BAYUNCA","BIBLIOTECA DISTRITAL BAYUNCA","0","422","2","27"
"2.024","MARZO","BAYUNCA","BIBLIOTECA DISTRITAL BAYUNCA","0","814","0","1"
"2.024","ABRIL","BAYUNCA","BIBLIOTECA DISTRITAL BAYUNCA","0","96","0","2"
"2.024","MAYO","BAYUNCA","BIBLIOTECA DISTRITAL BAYUNCA","0","711","2","7"
"2.024","JUNIO","BAYUNCA","BIBLIOTECA DISTRITAL BAYUNCA","0","2,852","1","12"
"2.024","JULIO","BAYUNCA","BIBLIOTECA DISTRITAL BAYUNCA","1","957","2","10"
"2.024","AGOSTO","BAYUNCA","BIBLIOTECA DISTRITAL BAYUNCA","0","500","6","8"
"2.024","SEPTIEMBRE","BAYUNCA","BIBLIOTECA DISTRITAL BAYUNCA","2","1,375","1","2"
"2.024","OCTUBRE","BAYUNCA","BIBLIOTECA DISTRITAL BAYUNCA","0","807","2","2"
"2.024","NOVIEMBRE","BAYUNCA","BIBLIOTECA DISTRITAL BAYUNCA","3","1,592","12","7"
"2.024","DICIEMBRE","BAYUNCA","BIBLIOTECA DISTRITAL BAYUNCA","0","262","0","1"
"2.025","ENERO","BAYUNCA","BIBLIOTECA DISTRITAL BAYUNCA","55","261","9","4"
"2.025","FEBRERO","BAYUNCA","BIBLIOTECA DISTRITAL BAYUNCA","0","396","0","3"
"2.025","MARZO","BAYUNCA","BIBLIOTECA DISTRITAL BAYUNCA","0","796","3","0"
"2.025","ABRIL","BAYUNCA","BIBLIOTECA DISTRITAL BAYUNCA","0","823","0","42"
"2.025","MAYO","BAYUNCA","BIBLIOTECA DISTRITAL BAYUNCA","0","1,030","1","3"
"2.025","JUNIO","BAYUNCA","BIBLIOTECA DISTRITAL BAYUNCA","0","649","0","1"
"2.024","DICIEMBRE","BARU","INSPECCION DE POLICIA BARU","0","214","0","15"
"2.025","ENERO","BARU","INSPECCION DE POLICIA BARU","0","681","0","11"
"2.025","FEBRERO","BARU","INSPECCION DE POLICIA BARU","4","341","1","26"
"2.025","MARZO","BARU","INSPECCION DE POLICIA BARU","0","2,723","9","55"
"2.025","ABRIL","BARU","TIERRA BOMBA","2","3,147","7","16"
"2.025","ABRIL","BARU","INSPECCION DE POLICIA BARU","0","301","0","19"
"2.025","MAYO","BARU","INSPECCION DE POLICIA BARU","0","1,082","0","11"
"2.025","JUNIO","BARU","INSPECCION DE POLICIA BARU","5","2,617","4","37"
"2.024","DICIEMBRE","ARROYO GRANDE","INSPECCION DE POLICIA ARROYO GRANDE","0","499","1","6"
"2.025","ENERO","ARROYO GRANDE","INSPECCION DE POLICIA ARROYO GRANDE","0","724","5","1"
"2.025","FEBRERO","ARROYO GRANDE","INSPECCION DE POLICIA ARROYO GRANDE","0","1,316","20","7"
"2.025","MARZO","ARROYO GRANDE","INSPECCION DE POLICIA ARROYO GRANDE","0","0","0","0"
"2.025","ABRIL","ARROYO GRANDE","INSPECCION DE POLICIA ARROYO GRANDE","0","1,113","0","77"
"2.025","MAYO","ARROYO GRANDE","INSPECCION DE POLICIA ARROYO GRANDE","2","769","1","35"
"2.025","JUNIO","ARROYO GRANDE","INSPECCION DE POLICIA ARROYO GRANDE","0","496","0","15"
"2.024","DICIEMBRE","ARROYO DE PIEDRA","INSPECCION DE POLICIA ARROYO DE PIEDRA","4","1,439","12","67"
"2.025","ENERO","ARROYO DE PIEDRA","INSPECCION DE POLICIA ARROYO DE PIEDRA","0","284","5","10"
"2.025","FEBRERO","ARROYO DE PIEDRA","INSPECCION DE POLICIA ARROYO DE PIEDRA","1","2,697","1","28"
"2.025","MARZO","ARROYO DE PIEDRA","INSPECCION DE POLICIA ARROYO DE PIEDRA","25","2,217","1","6"
"2.025","ABRIL","ARROYO DE PIEDRA","INSPECCION DE POLICIA ARROYO DE PIEDRA","0","1,376","3","12"
"2.025","MAYO","ARROYO DE PIEDRA","INSPECCION DE POLICIA ARROYO DE PIEDRA","0","597","2","17"
"2.025","JUNIO","ARROYO DE PIEDRA","INSPECCION DE POLICIA ARROYO DE PIEDRA","5","1,641","15","2"
"2,025","JULIO","CIUDAD DEL BICENTENARIO","BIBLIOTECA BICENTENARIO","0","621","2","23"
"2,025","JULIO","LA BOQUILLA","BIBLIOTECA BOQUILLA","4","634","1","57"
"2,025","JULIO","COLOMBIATON","BIBLIOTECA COLOMBIATON","0","546","12","33"
"2,025","JULIO","BAYUNCA","BIBLIOTECA DISTRITAL BAYUNCA","1","2,538","13","41"
"2,025","JULIO","PONTEZUELA","BIBLIOTECA PONTEZUELA","1","677","4","34"
"2,025","JULIO","CIUDADELA LA PAZ","CIUDADELA LA PAZ","0","2,872","2","25"
"2,025","JULIO","FREDONIA","COLEGIO FREDONIA","0","1,911","6","8"
"2,025","JULIO","NUEVO PARAISO","INSPECCION  NUEVO PARAISO","1","1,084","0","63"
"2,025","JULIO","EL POZON","INSPECCION DE POLICA EL POZON","0","89","0","2"
"2,025","JULIO","ARROYO DE PIEDRA","INSPECCION DE POLICIA ARROYO DE PIEDRA","0","1,357","29","14"
"2,025","JULIO","ARROYO GRANDE","INSPECCION DE POLICIA ARROYO GRANDE","2","3,022","6","15"
"2,025","JULIO","BARU","INSPECCION DE POLICIA BARU","2","1,114","3","40"
"2,025","JULIO","BLAS DE LEZO","INSPECCION DE POLICIA BLAS DE LEZO","0","706","1","4"
"2,025","JULIO","EL BOSQUE","INSPECCION DE POLICIA BOSQUE","0","910","4","3"
"2,025","JULIO","CIUDADELA 2000","INSPECCION DE POLICIA CIUDADELA 2000","1","2,749","6","53"
"2,025","JULIO","BOCAGRANDE","INSPECCION DE POLICIA DE BOCAGRANDE","0","853","0","59"
"2,025","JULIO","LAS PALMERAS","INSPECCION DE POLICIA DE LAS PALMERAS","0","807","1","18"
"2,025","JULIO","TERNERA","INSPECCION DE POLICIA DE TERNERA","0","428","1","17"
"2,025","JULIO","PONTEZUELA","INSPECCION DE POLICIA PONTEZUELA","21","2,585","1","11"
"2,025","JULIO","SANTA ANA","INSPECCION DE POLICIA SANTA ANA","11","2,267","4","4"
"2,025","JULIO","EL SOCORRO","JORGE ARTEL","1","1,698","0","19"
"2,025","JULIO","MANGA","PARQUE ROMAN","0","624","0","11"
"2,025","JULIO","SAN FRANCISCO","PARQUE SAN FRANCISCO","0","0","0","0"
"2,025","JULIO","CAMPESTRE","PATINODROMO EL CAMPESTRE","0","896","10","8"
"2,025","JULIO","EL CENTRO","PLAZA DE LA ADUANA","0","1,132","0","5"
"2,025","JULIO","PUNTA CANOA","PUNTA CANOA","0","678","0","21"
"2,025","JULIO","TIERRA BOMBA","TIERRA BOMBA","0","710","0","30"
"2,025","JULIO","BRUSELAS","ZONA WIFI CTG BRUSELAS","3","246","0","2"
"2,025","JULIO","SAN FERNANDO","ZONA WIFI CTG SAN FERNANDO LA FLORIDA","0","0","0","0"